Metric,Wild-type,KO_ACKr
Growth_mean,0.07405328588305715,0.0892762508133662
Growth_std,0.03372173421039824,0.04386362380164547
Growth_min,0.0019312365455625123,0.0007872410863512095
Growth_max,0.18029394317245348,0.2312614414078944
Target_mean,-1.0169715939621203e-12,0.06710840393698934
Target_std,1.4034273880916222e-11,0.04839341885667555
Target_min,-5.598090701993353e-11,6.732476344100492e-05
Target_max,3.2209942363609536e-11,0.18191623762462078
